{"cameraMode":{"drawMode":0,"name":"Shaded","section":"Shading Mode"},"sceneLighting":false,"audioPlay":false,"sceneViewState":{"showFog":true,"showMaterialUpdate":false,"showSkybox":false,"showFlares":true,"showImageEffects":true,"showParticleSystems":true},"in2DMode":false,"pivot":{"x":-1.5740000009536744,"y":0.45899999141693118,"z":-3.319999933242798},"rotation":{"x":0.015261318534612656,"y":-0.07460611313581467,"z":0.0011953370412811638,"w":0.9970399141311646},"size":0.27041640877723696,"orthographic":false}