{"cameraMode":{"drawMode":0,"name":"Shaded","section":"Shading Mode"},"sceneLighting":true,"audioPlay":false,"sceneViewState":{"showFog":false,"showMaterialUpdate":false,"showSkybox":false,"showFlares":false,"showImageEffects":false,"showParticleSystems":false},"in2DMode":false,"pivot":{"x":0.10175514221191406,"y":0.6000000238418579,"z":-2.3358078002929689},"rotation":{"x":-0.19063638150691987,"y":0.06821615993976593,"z":-0.013491869904100895,"w":-0.97911536693573},"size":9.051246643066407,"orthographic":false}